"","V1","V2","V3","V4","V5","V6","V7","V8","V9","V10","V11","V12","V13","V14","V15","V16","V17","V18","V19","V20","V21","V22","V23","V24","V25","V26","V27","V28","V29","V30","V31","V32","V33","V34","V35","V36","V37","V38","V39","V40","V41","V42","V43","V44","V45","V46","V47","V48","V49","V50","V51","V52","V53","V54","V55","V56","V57","V58","V59","V60","V61","V62","V63","V64","V65","V66","V67","V68","V69","V70","V71","V72","V73","V74","V75","V76","V77","V78","V79","V80","V81","V82","V83","V84"
"1",75.6950717619251,74.6950717619251,73.6950717619251,72.6950717619251,71.6950717619251,70.6950717619251,69.6950717619251,68.6950717619251,67.6950717619251,66.6950717619251,65.6950717619251,64.6950717619251,63.6950717619251,62.6950717619251,61.6950717619251,60.7568285905156,59.8176462367524,58.8775237605129,57.9364602207336,56.994454675409,56.0515061815906,55.107613795386,54.162776571958,53.2169935655235,52.2702638293528,51.3225864157686,50.3739603761447,49.4243847609057,48.4738586195252,47.5223810005257,46.5699509514772,45.6165675189962,44.6622297487449,43.7069366854303,42.7506873728032,41.8144644291679,40.8768447935233,39.9378263822326,38.9974071085505,38.0555848826188,37.1294070281923,36.2014325271865,35.2716578943759,34.3400796377738,33.4066942586197,32.505456943693,31.6015552341267,30.6949812529735,29.785727099999,28.8737848516126,28.0031098868098,27.1285351883542,26.2500432894263,25.3676166449729,24.4812376313569,23.6409803675942,22.7952403338638,21.9439817544959,21.0871686203803,20.2247646874436,19.4389236147291,18.6447613138694,17.8421896718345,17.0311196425707,16.2114612371203,15.4913699361826,14.758845467358,14.0136731583357,13.2556346302512,12.4845077336888,11.8692290580856,11.2349900172041,10.5812063303504,9.90727571169598,9.21257731543346,8.6847192155371,8.12980854199746,7.54645885830656,6.93321267348984,6.2885378005854,6.02780753482744,5.7364262655472,5.41079071326274,5.04687400312715
"3",74.4217724120527,73.4217724120527,72.4217724120527,71.4217724120527,70.4217724120527,69.4217724120527,68.4217724120527,67.4217724120527,66.4217724120527,65.4217724120527,64.4217724120527,63.4217724120527,62.4217724120527,61.4217724120527,60.4217724120527,59.4537983746708,58.4853112722281,57.5163108327796,56.546796784236,55.5767688543639,54.6048095085464,53.6323597712136,52.6594193949437,51.6859881321902,50.7120657352818,49.7369353029721,48.7613266595711,47.7852395705608,46.8086738013078,45.8316291170638,44.8539375359724,43.8757700662037,42.8971264761204,41.9180065339721,40.9384100078958,39.9992591613577,39.0587123999814,38.1167676489369,37.1734228303104,36.2286758630996,35.3166536438743,34.4024166682729,33.4859595579771,32.5672769216078,31.6463633546937,30.7690850386046,29.8884047179628,29.0043092001078,28.1167852412192,27.2258195461182,26.3832188313043,25.5357468306146,24.6833753819249,23.8260761602986,22.9638206770456,22.1752161632161,21.3793520806528,20.5761616007524,19.7655772797148,18.9475310528805,18.2605424314599,17.5622048245245,16.8523307479325,16.130729620322,15.3972077119455,14.7422172057693,14.0725501460763,13.3878776712705,12.6878635508633,11.9721640203565,11.5143314475669,11.0357656215693,10.5355276231731,10.0126360136068,9.46606490898953,8.98425892716969,8.47607778522758,7.9400776466445,7.37473563599231,6.77844551216294,6.60129500026667,6.40263982217966,6.17986948209796,5.93005659074517
"4",80.8343409309106,79.8343409309106,78.8343409309106,77.8343409309106,76.8343409309106,75.8343409309106,74.8343409309106,73.8343409309106,72.8343409309106,71.8343409309106,70.8343409309106,69.8343409309106,68.8343409309106,67.8343409309106,66.8343409309106,65.8343409309106,64.8343409309106,63.8343409309106,62.8343409309106,61.8343409309106,60.866271076695,59.8977013285514,58.9286314283435,57.9590611178018,56.9889901385233,56.0181483579423,55.0468098495269,54.074974359128,53.1026416324664,52.129811415133,51.1562409284853,50.1821768472229,49.2076189210964,48.2325668997291,47.2570205326176,46.2809030097606,45.3042921823287,44.3271878010184,43.3495896164003,42.3714973789191,41.4139112902093,40.4553666568662,39.4958625193856,38.5353979173029,37.5739718891921,36.6304426010213,35.6854952628586,34.7391277434868,33.7913379084857,32.8421236202274,31.9411108576936,31.0373824131498,30.1309301014414,29.2217457127435,28.3098210124863,27.4375334264459,26.5613107412316,25.6811352046642,24.7969889844801,23.9088541679704,23.1118010459882,22.3079822529462,21.4973403594161,20.6798174484887,19.855355111635,19.1219597669115,18.3787168716425,17.6254941993932,16.862157748279,16.0885717171264,15.3763192353099,14.6513279667593,13.9133700755712,13.1622136509492,12.3976226343228,11.7950776900957,11.1732157734555,10.5314176020954,9.86904404015291,9.18543546172628,8.71384207125132,8.21511952989684,7.68770719062598,7.1299546277286
"5",73.6119345230894,72.6856201432326,71.7583785217544,70.8302087304849,69.9011098403252,68.9011098403252,67.9011098403252,66.9011098403252,65.9011098403252,64.9011098403252,63.9011098403252,62.9011098403252,61.9011098403252,60.9011098403252,59.9011098403252,58.932671337176,57.9637225702129,56.9942632705812,56.0242931692846,55.0538119971852,54.0816743377589,53.1090446864147,52.135922794159,51.1623084118722,50.1882012903087,49.2132285119344,48.2377695463852,47.2618241512153,46.285392083858,45.3084731016259,44.3538269285544,43.3982251537081,42.4416668205287,41.4841509715001,40.5256766481483,39.5867367895116,38.6463822277721,37.7046108313928,36.7614204656255,35.8168089925053,34.8878953656696,33.9571381044462,33.0245335497353,32.0900780351746,31.1537678871253,30.2614485502121,29.3660449784085,28.4675465112879,27.5659424515766,26.6612220650266,25.8192315086988,24.9722508413003,24.1202504886177,23.263200701164,22.4010715531399,21.6118016120364,20.8151068965966,20.0109175609147,19.1991631020345,18.3797723537686,17.6797360445713,16.9682749216734,16.2452025285061,15.5103293654709,14.7634628402758,14.1068855670852,13.43503521332,12.7475565016964,12.0440858905892,11.3242513817902,10.8459865025067,10.3456868258565,9.82233715646146,9.27487552648435,8.70219104071096,8.348976789877,7.9695100765571,7.56183970035391,7.12386943893195,6.6533472693387,6.42068682170806,6.16119332951929,5.87177210139878,5.54897153102514
"6",80.1219296410892,79.1219296410892,78.1219296410892,77.1219296410892,76.1219296410892,75.1219296410892,74.1219296410892,73.1219296410892,72.1219296410892,71.1219296410892,70.1219296410892,69.1219296410892,68.1219296410892,67.1219296410892,66.1219296410892,65.1219296410892,64.1219296410892,63.1219296410892,62.1219296410892,61.1219296410892,60.1528632178381,59.1833063537459,58.2132588006024,57.2427203100718,56.2716906336925,55.2998127669608,54.3274491981188,53.3545996844339,52.381263983052,51.4074418509977,50.4331308233122,49.4583329196391,48.4830478966803,47.5072755110158,46.531015519104,45.5775931122162,44.6232163285447,43.6678842127575,42.7115958085661,41.7543501587248,40.817303233222,39.8788435211549,38.9389688924637,37.9976772138772,37.054966348908,36.129224798505,35.2016280546143,34.2721723994131,33.3408541076284,32.4076694465214,31.5216604884359,30.6325350740916,29.740282241636,28.8448909906591,27.9463502820581,27.1007965794793,26.2505699003824,25.3956444194302,24.5359941685609,23.6715930361996,22.8735697011293,22.0687372724967,21.2570376520568,20.4384122458444,19.6128019599444,18.8685479081697,18.1145889728919,17.3507986048989,16.5770486048091,15.7932091015536,15.1092669476916,14.4116375639168,13.7000470377915,12.9742159752702,12.2338593910007,11.6316180355278,11.009796047519,10.3677568031905,9.70484298025229,9.0203758849392,8.55418656893508,8.06040895275122,7.53741040715166,6.98346168664624
"7",74.1983676054819,73.1983676054819,72.1983676054819,71.1983676054819,70.1983676054819,69.1983676054819,68.1983676054819,67.1983676054819,66.1983676054819,65.1983676054819,64.1983676054819,63.1983676054819,62.1983676054819,61.1983676054819,60.1983676054819,59.229354850105,58.2598432932409,57.2898326781302,56.3193227478818,55.348313245472,54.3768914278535,53.4049680327117,52.4325428010655,51.4596154737999,50.4861857916662,49.5121989098947,48.537710179241,47.5627193411263,46.5872261368387,45.6112303075328,44.6568871947275,43.701588783511,42.7453341176286,41.7881222398685,40.8299521920606,39.892039766004,38.9527011147382,38.0119340694911,37.0697364581926,36.1261061054698,35.2171505403139,34.3059042398797,33.3923614310926,32.476516326329,31.5583631233795,30.6704070057172,29.7792983148248,28.8850258578992,27.9875784023988,27.0869446759021,26.2920371425845,25.4911108593215,24.6841202543332,23.8710194107874,23.051762064186,22.3056719794321,21.5513638821177,20.7887472527039,20.0177305745996,19.2382213231794,18.5511973422469,17.8529965468394,17.1434371075228,16.4223342367798,15.689500140887,15.0388799803887,14.3737715592569,13.6938522473165,12.9987922299397,12.2882543480588,11.7144638974817,11.1207719244852,10.5064881586156,9.87089838786906,9.21326362829539,8.78263302381322,8.32538992924529,7.83988972244633,7.32438614546051,6.77702502354194,6.43332416981623,6.0563387146481,5.64284531808603,5.18930848620965
"8",76.2854412757524,75.2854412757524,74.2854412757524,73.2854412757524,72.2854412757524,71.2854412757524,70.2854412757524,69.2854412757524,68.2854412757524,67.2854412757524,66.2854412757524,65.2854412757524,64.2854412757524,63.2854412757524,62.2854412757524,61.2854412757524,60.2854412757524,59.2854412757524,58.2854412757524,57.2854412757524,56.3149005746131,55.3438607685017,54.3723216007512,53.4002828145625,52.4277441530047,51.4544416410956,50.4806434997704,49.5063494766425,48.5315593191968,47.5562727747896,46.5805071364542,45.6042442544115,44.6274838752693,43.6502257455066,42.6724696114728,41.7151847962691,40.7569417380071,39.7977394774846,38.8375770545391,37.8764535080472,36.9333160073808,35.9887626097512,35.0427911895252,34.0953996178787,33.1465857627917,32.2467979491674,31.3442898039613,30.4390531027857,29.5310795963879,28.6203610105754,27.7493093098684,26.8743331081616,25.9954147237167,25.112536395131,24.2256802809782,23.4188670009442,22.605619820628,21.7858874331489,20.9596181224811,20.126759760192,19.3661263721659,18.5964468068507,17.8176134784833,17.0295175217879,16.2320487767594,15.5450626116465,14.8448288166741,14.1310919286235,13.4035915580021,12.662062294046,12.1731774051385,11.6645582542676,11.1354082508576,10.584898649264,10.0121672508064,9.56697034826148,9.09710379984247,8.60120058923802,8.07781794981569,7.52543316707795,7.2343550349204,6.91585633459675,6.56735395361767,6.18602144135099
"9",72.8833124654539,71.8833124654539,70.8833124654539,69.8833124654539,68.8833124654539,67.8833124654539,66.8833124654539,65.8833124654539,64.8833124654539,63.8833124654539,62.8833124654539,61.8833124654539,60.8833124654539,59.8833124654539,58.8833124654539,57.9136904865975,56.9435682777821,55.9729455809382,55.0018221378629,54.0301976902202,53.0580316456534,52.0853647843672,51.1121968483631,50.1385275795095,49.1643567195423,48.2146921210726,47.2640552379627,46.3124450747692,45.3598606350294,44.4063009212605,43.4956615639771,42.5831896893131,41.6688816096176,40.7527336298191,39.83474204741,38.9340379937575,38.0310887577142,37.1258887427205,36.2184323382661,35.3087139198556,34.448461971513,33.5848052394678,32.7177302479562,31.8472234678787,30.9732713165892,30.1405968085082,29.3034239808842,28.4617285326507,27.6154860314603,26.7646719129761,25.9857073571562,25.20030973998,24.4084259341543,23.6100023736352,22.8049850500049,22.0682134837246,21.3229376704571,20.5690594492256,19.8064795260217,19.0350974607277,18.3997344038795,17.7522003117467,17.0922620355834,16.4196819604387,15.7342179196021,15.0891711604715,14.429572585748,13.7550939163818,13.0653994675717,12.3601459816956,11.8732969328247,11.3662355779783,10.8381227714011,10.2880845288783,9.71521058136259,9.26214820324847,8.78357975323025,8.27806931489686,7.74410013399015,7.18007006747322,6.89051842662091,6.57231644027073,6.22262923484113,5.83834143373797
"10",82.4184070462557,81.4184070462557,80.4184070462557,79.4184070462557,78.4184070462557,77.4184070462557,76.4184070462557,75.4184070462557,74.4184070462557,73.4184070462557,72.4184070462557,71.4184070462557,70.4184070462557,69.4184070462557,68.4184070462557,67.4184070462557,66.4184070462557,65.4184070462557,64.4184070462557,63.4184070462557,62.4184070462557,61.4184070462557,60.4184070462557,59.4184070462557,58.4184070462557,57.4184070462557,56.4184070462557,55.4184070462557,54.4184070462557,53.4184070462557,52.4455610994622,51.4722206281769,50.4983853810192,49.5240551064809,48.5492295529259,47.5739213025293,46.598117018162,45.6218164475453,44.6450193382718,43.667725437806,42.7114368746807,41.7541910657464,40.7959870527992,39.8368238766759,38.8767005772532,37.9353348644939,36.9925493731324,36.0483419618425,35.1027104860679,34.1556527980184,33.2415343917615,32.3251175095814,31.4063963721484,30.4853651856012,29.5620181415105,28.6810629470673,27.796560189013,26.908495581482,26.0168547810802,25.1216233866533,24.2731131619333,23.4194862048555,22.5607116602229,21.696758486774,20.8275954560605,20.0256739354748,19.2161258314103,18.3988786121116,17.5738590560185,16.7409932452052,16.00063940099,15.2488029627162,14.4853058399109,13.7099671799886,12.922603325412,12.2670004145741,11.5939251935172,10.9029120120445,10.1934828100318,9.46514678669316,8.9562012633946,8.42085150324213,7.85772764700343,7.26538876676403
"11",79.5704636305307,78.5704636305307,77.5704636305307,76.5704636305307,75.5704636305307,74.5704636305307,73.5704636305307,72.5704636305307,71.5704636305307,70.5704636305307,69.5704636305307,68.5704636305307,67.5704636305307,66.5704636305307,65.5704636305307,64.5704636305307,63.5704636305307,62.5704636305307,61.5704636305307,60.5704636305307,59.5704636305307,58.5704636305307,57.5704636305307,56.5704636305307,55.5704636305307,54.5704636305307,53.5704636305307,52.5704636305307,51.5704636305307,50.5704636305307,49.5964449840424,48.621925920493,47.6469061827858,46.6713855136916,45.6953636558492,44.7175129942637,43.7391883514361,42.7603894976195,41.7811162029555,40.8013682374744,39.861135165559,38.9195248152626,37.9765351691111,37.0321642066753,36.0864099045665,35.1394043577201,34.1910080922841,33.2412190659281,32.2900352333223,31.3374545461337,30.4153719738342,29.4909967359943,28.5643231321318,27.6353454475909,26.7040579535068,25.82396118666,24.9399127189886,24.0518948070582,23.1598896277648,22.2638792779773,21.4326515925935,20.5951227492362,19.7512449817005,18.9009701616879,18.0442497960612,17.282907535787,16.5114955732503,15.7298807240624,14.9379280423044,14.1355007972294,13.4162240228064,12.6826628095726,11.9345334764758,11.1715467087152,10.3934074458579,9.79716606921207,9.17776216394648,8.53429592210907,7.86583258039537,7.17140106221799,6.86001611105926,6.51873123358345,6.14467536749148,5.73470176422884
"12",77.9661243433214,76.9661243433214,75.9661243433214,74.9661243433214,73.9661243433214,72.9661243433214,71.9661243433214,70.9661243433214,69.9661243433214,68.9661243433214,67.9661243433214,66.9661243433214,65.9661243433214,64.9661243433214,63.9661243433214,62.9661243433214,61.9661243433214,60.9661243433214,59.9661243433214,58.9661243433214,57.996298154707,57.0259756921249,56.0551567016245,55.0838409291253,54.1120281204169,53.1396974369249,52.166869567754,51.1935442586764,50.2197212553343,49.2454003032395,48.2707972813727,47.295691634459,46.3200831032832,45.3439714284965,44.3673563506161,43.4117681187348,42.4552233420769,41.4977210631401,40.5392603234635,39.5798401636271,38.6398452399121,37.6984252354774,36.7555779898273,35.8113013391905,34.8655931165155,33.9534250711378,33.0389591298918,32.1221895040135,31.2031103901564,30.2817159703542,29.4038476137967,28.5224386552067,27.6374748146952,26.7489417547796,25.8568250801518,25.025897370619,24.189536401178,23.3477066448954,22.5003723425351,21.6474975010388,20.8851524500192,20.1144380678936,19.335262472773,18.5475327740525,17.7511550613362,17.0585007605223,16.3538537572818,15.6370064084783,14.9077474758164,14.1658620635946,13.5420730150855,12.9017176418151,12.2443559823625,11.5695363909983,10.8767952273774,10.3628817433267,9.82600134579278,9.26512763805463,8.67918835348224,8.06706330559985,7.67879742191925,7.26108891726834,6.8117051259249,6.32824407671551
"13",80.2594756951445,79.2594756951445,78.2594756951445,77.2594756951445,76.2594756951445,75.2594756951445,74.2594756951445,73.2594756951445,72.2594756951445,71.2594756951445,70.2594756951445,69.2594756951445,68.2594756951445,67.2594756951445,66.2594756951445,65.2594756951445,64.2594756951445,63.2594756951445,62.2594756951445,61.2594756951445,60.2594756951445,59.2594756951445,58.2594756951445,57.2594756951445,56.2594756951445,55.2885329136845,54.3170886540959,53.3451426573723,52.3726946643737,51.399744415826,50.4260091825574,49.4517763801072,48.4770457542225,47.5018170505204,46.526090014488,45.5495325013181,44.5724829430045,43.5949410916272,42.6169066991407,41.638379517375,40.6800595769519,39.7207803573092,38.7605408982075,37.7993402384459,36.8371774158618,35.892603896946,34.9466091403037,33.999191007492,33.0503473568502,32.1000760434952,31.1968341642745,30.2908696750909,29.3821743692779,28.4707400154317,27.556558357337,26.7086086751653,25.8559802150052,24.9986471605096,24.1365835528827,23.269763290095,22.490788220407,21.7044141536451,20.9105708113629,20.1091872475831,19.3001918424566,18.5414319276681,17.773187998006,16.9953415093348,16.2077724357928,15.410359251272,14.7343262707067,14.0440812665161,13.3393254639047,12.6197538070307,11.8850548269615,11.2722157511297,10.6394131710128,9.98599676661826,9.31129503349151,8.61461459262311,8.18740049266967,7.73178091849292,7.24586718953216,6.72764504681761
"14",80.4479293189816,79.4479293189816,78.4479293189816,77.4479293189816,76.4479293189816,75.4479293189816,74.4479293189816,73.4479293189816,72.4479293189816,71.4479293189816,70.4479293189816,69.4479293189816,68.4479293189816,67.4479293189816,66.4479293189816,65.4479293189816,64.4479293189816,63.4479293189816,62.4479293189816,61.4479293189816,60.4479293189816,59.4479293189816,58.4479293189816,57.4479293189816,56.4479293189816,55.4479293189816,54.4479293189816,53.4479293189816,52.4479293189816,51.4479293189816,50.4741264463059,49.4998277162034,48.5250328761851,47.5497416736333,46.5739538558017,45.5973781615949,44.6203112999909,43.6427530239578,42.6647030863393,41.686161239855,40.727889128984,39.7686577867707,38.8084662530238,37.8473135665904,36.8851987653557,35.9407795355819,34.9949371997936,34.0476696135716,33.0989746292655,32.1488500959884,31.2458599480373,30.3401450077409,29.4316970529791,28.5205078368215,27.6065690874526,26.7592527354719,25.9072501310548,25.0505353559455,24.1890823485423,23.3228649031044,22.5341670588029,21.7383237134924,20.9352701298531,20.1249409840532,19.3072703604356,18.5408901625981,17.7652366916951,16.9801977402433,16.185659743038,15.381507760725,14.7169002863367,14.0378011000276,13.3438942111981,12.6348567390991,11.9103587625931,11.3294556577625,10.7281119690266,10.1056084413721,9.4612005109307,8.7941174144214,8.39106673874668,7.96065677081163,7.50103034744008,7.01020424024083
"15",82.1867385058309,81.1867385058309,80.1867385058309,79.1867385058309,78.1867385058309,77.1867385058309,76.1867385058309,75.1867385058309,74.1867385058309,73.1867385058309,72.1867385058309,71.1867385058309,70.1867385058309,69.1867385058309,68.1867385058309,67.1867385058309,66.1867385058309,65.1867385058309,64.1867385058309,63.1867385058309,62.1867385058309,61.1867385058309,60.1867385058309,59.1867385058309,58.1867385058309,57.1867385058309,56.1867385058309,55.1867385058309,54.1867385058309,53.1867385058309,52.2133462750726,51.2394670846589,50.265100690978,49.2902468502965,48.3149053187588,47.3394262417386,46.3634520867055,45.3869826023962,44.4100175374195,43.4325566402571,42.47603267293,41.5185512241542,40.5601113354897,39.6007120475372,38.6403523999371,37.6985680282351,36.7553647624104,35.8107404647544,34.8646929943378,33.917220207006,33.0191206656672,32.1183228856571,31.2148187604222,30.3086001590539,29.3996589262152,28.531759395213,27.6599601613138,26.7842437021175,25.9045924164915,25.0209886242164,24.1950262771408,23.3633188114191,22.5258262659219,21.6825084015634,20.8333246993683,20.0496006418134,19.2577405492467,18.4576599594587,17.6492735334161,16.8324950461604,16.0807362385418,15.3178906905276,14.5437948977979,13.7582829447142,12.961186468758,12.3311208238196,11.683072031384,11.0165268217681,10.3309572756971,9.62582040618027,9.13503153993933,8.61827967579597,8.07419135704312,7.50132047036709
"16",76.7890371457379,75.7890371457379,74.7890371457379,73.7890371457379,72.7890371457379,71.7890371457379,70.7890371457379,69.7890371457379,68.7890371457379,67.7890371457379,66.7890371457379,65.7890371457379,64.7890371457379,63.7890371457379,62.7890371457379,61.8214485405968,60.853360470935,59.8847726789313,58.9156849066316,57.9460968959485,56.9757695648779,56.0049453547561,55.0336240111444,54.0618052794739,53.0894889050451,52.1172655246544,51.1445334733465,50.1712924849829,49.1975422932859,48.2232826318383,47.2965283191778,46.3683663720113,45.4387946523019,44.5078110187653,43.5754133268648,42.6639584077556,41.7506514155763,40.8354885869212,39.9184661507373,38.999580328309,38.0783221980435,37.1552040070523,36.230221999791,35.3033724131324,34.3746514763516,33.4949387449499,32.61214763349,31.7262673697921,30.8372871439811,29.9451961083551,29.1084901315153,28.2672215168265,27.4213653837873,26.5708967162208,25.7157903615342,24.9416487365551,24.1607079283894,23.3729082207133,22.5781893727225,21.7764906145254,21.0667184311183,20.347486705551,19.6186693650639,18.8801386566532,18.1317651246772,17.4591525936301,16.774395358931,16.0772741355979,15.3675656792353,14.645042714543,14.0632390248092,13.4648216480354,12.8493161723162,12.2162346386836,11.5650751542643,11.0110187356614,10.435598175424,9.83798968281103,9.21733770211741,8.57275368783302,8.16761683386099,7.73436754457338,7.27105509884564,6.77559341506727
"17",80.367749076553,79.367749076553,78.367749076553,77.367749076553,76.367749076553,75.367749076553,74.367749076553,73.367749076553,72.367749076553,71.367749076553,70.367749076553,69.367749076553,68.367749076553,67.367749076553,66.367749076553,65.367749076553,64.367749076553,63.367749076553,62.367749076553,61.367749076553,60.3992004570388,59.4301554499006,58.4606138007366,57.4905752550142,56.5200395580708,55.5490878710725,54.5776371662261,53.6056871870628,52.6332376769821,51.6602883792514,50.6869414179227,49.7130922787121,48.7387407025313,47.7638864301587,46.7885292022387,45.8353645668055,44.8812458126181,43.9261719846027,42.9701421267294,42.0131552820114,41.0768332052187,40.1390919766173,39.1999294452468,38.2593434568864,37.3173318540504,36.392661615608,35.4661248131558,34.5377176787979,33.6074364370324,32.6752773047361,31.7737712465122,30.8695477550319,29.9625986390652,29.052915682691,28.1404906452227,27.2815143621149,26.4182333911574,25.5506261597667,24.6786709872504,23.8023460842648,22.9925646537106,22.1763117827052,21.3535357541557,20.5241844376672,19.6882052862405,18.9339970133205,18.1703730444911,17.3972158322091,16.6144063614429,15.8218241313522,15.1140357698704,14.3931753381193,13.659001409381,12.9112680980524,12.1497249772945,11.5496176074831,10.9297584725118,10.2894974683383,9.62816309357857,8.94506174524119,8.49530199356771,8.01787603628309,7.51108203383842,6.9731134609215
"18",81.845853486123,80.845853486123,79.845853486123,78.845853486123,77.845853486123,76.845853486123,75.845853486123,74.845853486123,73.845853486123,72.845853486123,71.845853486123,70.845853486123,69.845853486123,68.845853486123,67.845853486123,66.845853486123,65.845853486123,64.845853486123,63.845853486123,62.845853486123,61.8777273185733,60.9091101418392,59.9400017068934,58.970401764582,58.000310065625,57.0291116787562,56.0574310172205,55.0852678415315,54.1126219120839,53.1394929891533,52.1656341535657,51.1912962429529,50.2164790216415,49.2411822538417,48.265405703648,47.313719423071,46.3610805035746,45.4074879915662,44.4529409324987,43.4974383708695,42.5626787137504,41.6265170421029,40.6889512530926,39.7499792407314,38.809598895872,37.9067037024054,37.001549390948,36.0941303090008,35.1844407899221,34.2724751528914,33.3750353469112,32.4749099572312,31.572090947257,30.6665702563444,29.7583397997282,28.9363345637078,28.1094126344524,27.2775446035457,26.4407008866692,25.5988517225508,24.80200211104,23.9988287663437,23.189281503834,22.3733097406216,21.5508624923957,20.7639235188942,19.9692045307624,19.1666286114545,18.3561180839947,17.5375945034598,16.8163778125897,16.0836964265107,15.3393680986969,14.5832076855726,13.8150271004594,13.1508482791797,12.4705243346931,11.7736628049171,11.0598616876447,10.3287092086391,9.79736788935328,9.24191729206624,8.66126347346005,8.05426285322718
"19",80.5011280429309,79.5011280429309,78.5011280429309,77.5011280429309,76.5011280429309,75.5011280429309,74.5011280429309,73.5011280429309,72.5011280429309,71.5011280429309,70.5011280429309,69.5011280429309,68.5011280429309,67.5011280429309,66.5011280429309,65.5011280429309,64.5011280429309,63.5011280429309,62.5011280429309,61.5011280429309,60.5011280429309,59.5011280429309,58.5011280429309,57.5011280429309,56.5011280429309,55.5295269726975,54.5574375506115,53.5848595312146,52.6117926689251,51.638236718038,50.6641894457893,49.689652629643,48.7146260235603,47.7391093813791,46.7631024568133,45.8099123691825,44.8557681373198,43.9006688061259,42.9446134195455,41.9876010205661,41.0506621141576,40.1123160210886,39.1725606279081,38.2313938179912,37.288813471534,36.3820782762934,35.4730752030196,34.5617985794164,33.648242719,32.7324019210642,31.8305242921588,30.9259430922903,30.0186502169269,29.1086375372417,28.19589690004,27.3372901093541,26.4743776861819,25.6071380391834,24.7355494687451,23.8595901664371,23.0393027373548,22.21283682986,21.3801459070999,20.5411830817017,19.6959011131327,18.9236847910043,18.1425377643116,17.3523567491929,16.5530372673051,15.7444736320103,15.0550974137347,14.3521204455733,13.6352743974148,12.9042856452449,12.1588751667026,11.5807354184213,10.9825367274833,10.3635831355469,9.72315453753338,9.06050584383978,8.62799366128529,8.16839188806922,7.68000381840661,7.16102647652276
"20",72.0304779865954,71.0304779865954,70.0304779865954,69.0304779865954,68.0304779865954,67.0304779865954,66.0304779865954,65.0304779865954,64.0304779865954,63.0304779865954,62.0304779865954,61.0304779865954,60.0304779865954,59.0304779865954,58.0304779865954,57.0613797805076,56.0917655201998,55.1216349308684,54.1509877375629,53.1798236651869,52.207388902155,51.234450087157,50.2610069589225,49.2870592560456,48.3126067169851,47.3369909748769,46.3608828216264,45.3842820087048,44.4071882874576,43.4296014091051,42.4947703293148,41.5585364751478,40.6208977416505,39.681852020711,38.7413972010535,37.818494664129,36.893755501543,35.9671760583116,35.0387526721775,34.1084816735951,33.2272933043375,32.3430354514206,31.4556974227718,30.5652684890745,29.671737883638,28.8333237151815,27.9903437255009,27.1427730501266,26.2905866891828,25.4337595066497,24.6446996143357,23.849095491759,23.0468928630021,22.2380370019989,21.4224727288013,20.6931325617613,19.954577628047,19.2066915047206,18.449356297912,17.6824526242337,17.0227788187854,16.3504085689793,15.6650975120742,14.9665965821895,14.254651919786,13.5675563231817,12.8653782651508,12.1477866700119,11.4144431946292,10.6650020688836,10.1539932264268,9.61955458960395,9.06061190055793,8.4760416466271,7.86466880200865,7.45108810288094,7.00666927050917,6.5291128976338,6.01594812453729,5.46451985490362,5.25985128170682,5.02539430025739,4.75681336820821,4.44914192837963
"21",80.3015585643223,79.3015585643223,78.3015585643223,77.3015585643223,76.3015585643223,75.3015585643223,74.3015585643223,73.3015585643223,72.3015585643223,71.3015585643223,70.3015585643223,69.3015585643223,68.3015585643223,67.3015585643223,66.3015585643223,65.3015585643223,64.3015585643223,63.3015585643223,62.3015585643223,61.3015585643223,60.3328689524944,59.3636845726953,58.3940051722172,57.4238304982234,56.4531602977479,55.4820235194448,54.5103902209117,53.5382601482893,52.565633047588,51.5925086646887,50.6184704293115,49.6439420500732,48.6689232803294,47.6934138733118,46.7174135821277,45.7407900249268,44.7636777851776,43.7860766183532,42.8079862798046,41.8294065247601,40.8712778025626,39.9121899925552,38.9521421346899,37.9911332679578,37.0291624303882,36.1030647336997,35.1751187437099,34.2453207716197,33.3136671212684,32.3801540891182,31.476843230711,30.570835030245,29.6621214332903,28.7506943613657,27.8365457118672,26.974575658561,26.1083314513515,25.2377918964727,24.3629356950675,23.4837414426665,22.6699571806571,21.8497199674736,21.022978634052,20.1896816055806,19.3497768982815,18.5904331218113,17.8216452671706,17.0432958768717,16.2552660325892,15.457435336992,14.7581034503424,14.0451686085855,13.3183662157672,12.577426529183,11.8220745592662,11.2071364256246,10.5721688780043,9.91651952976275,9.23951474509213,8.54045894690336,8.14413421332837,7.71979559424451,7.26546295135907,6.77901618194429
"22",77.0863108615612,76.0863108615612,75.0863108615612,74.0863108615612,73.0863108615612,72.0863108615612,71.0863108615612,70.0863108615612,69.0863108615612,68.0863108615612,67.0863108615612,66.0863108615612,65.0863108615612,64.0863108615612,63.0863108615612,62.0863108615612,61.0863108615612,60.0863108615612,59.0863108615612,58.0863108615612,57.1159854797313,56.1451643866954,55.1738473292091,54.2020340538983,53.2297243072598,52.2569505616786,51.2836792560249,50.3099101358036,49.3356429463896,48.3608774330276,47.3856039105433,46.4098317395625,45.4335606651307,44.456790432163,43.4795207854443,42.5230438292736,41.5656094387123,40.6072166553676,39.6478645198875,38.6875520719595,37.7459125340597,36.8028525258634,35.8583699045804,34.9124625241884,33.9651282354275,33.0674213716892,32.1670108746863,31.2638886018578,30.3580463861197,29.4494760357913,28.582103974827,27.7108256382916,26.8356234339779,25.9564796904513,25.0733766566922,24.2605676746132,23.4416904815065,22.6166997737572,21.7855499095259,20.9481949062239,20.1983885193941,19.439626861242,18.6718029749773,17.8948086263771,17.1085342885292,16.4118392791021,15.7027930612252,14.9811766691417,14.2467672552067,13.499338021069,12.8954908949105,12.2739232128245,11.6341149456696,10.9755308034796,10.2976197876171,9.81220648619409,9.302536392097,8.76739735891553,8.20551666756023,7.61555799935961,7.31643091130908,6.9897746424339,6.63305563483461,6.24350716291703
"23",74.9528066939098,73.9528066939098,72.9528066939098,71.9528066939098,70.9528066939098,69.9528066939098,68.9528066939098,67.9528066939098,66.9528066939098,65.9528066939098,64.9528066939098,63.9528066939098,62.9528066939098,61.9528066939098,60.9528066939098,59.9528066939098,58.9528066939098,57.9528066939098,56.9528066939098,55.9528066939098,54.9815221071481,54.0097390496227,53.0374572655146,52.0646764988735,51.0913964936177,50.1174707121134,49.1430478928421,48.1681277821434,47.192710126227,46.2167946711737,45.2402092968411,44.2631291590543,43.2855540071534,42.3074835903513,41.3289176577341,40.3702879456798,39.4106986443241,38.4501487931173,37.4886374305478,36.5261635941419,35.5811827650723,34.6347785162772,33.6869487036666,32.7376911799213,31.7870037944874,30.8986685470038,30.0072126614066,29.1126251751876,28.2148950873288,27.3140113581662,26.5048946484764,25.6901234467471,24.8696582367012,24.0434592259028,23.2114863438276,22.4864316752975,21.7527885694213,21.0104552942066,20.2593289126224,19.4993052683252,18.8339571903742,18.1571902433889,17.4688084539017,16.7686124850996,16.0563995791018,15.4611437815873,14.8508829805006,14.2252389348686,13.5838238691494,12.9262402328888,12.3622734459579,11.7792827011136,11.1766262744403,10.5536407951296,9.90964051527787,9.44576728623481,8.95679780309084,8.44137431995662,7.89806563480502,7.32536311538122,7.01439105507719,6.67416878087394,6.30194500054185,5.89470963369474
"24",80.6186486151994,79.6186486151994,78.6186486151994,77.6186486151994,76.6186486151994,75.6186486151994,74.6186486151994,73.6186486151994,72.6186486151994,71.6186486151994,70.6186486151994,69.6186486151994,68.6186486151994,67.6186486151994,66.6186486151994,65.6186486151994,64.6186486151994,63.6186486151994,62.6186486151994,61.6186486151994,60.6497813172015,59.6804245008914,58.710577918941,57.7402413238972,56.7694144681817,55.7973282619498,54.8247640762611,53.851721676091,52.878200826299,51.9042012916292,50.9290354991389,49.9534031265058,48.9773039504889,48.0007377477405,47.0237042948057,46.04665923167,45.069137217429,44.0911380192559,43.1126614042101,42.1337071392374,41.1758830222596,40.217100122382,39.2573574798619,38.2966541339959,37.334989123119,36.3910388179355,35.4456713936428,34.4988847227703,33.5506766746534,32.6010451154289,31.6825783513796,30.7618145576761,29.8387479895867,28.9133728880123,27.9856834794508,27.1260531219284,26.2621110596004,25.3938356659639,24.5212052060427,23.6441978358429,22.7986633452938,21.9476050506915,21.0909868654996,20.2287724674312,19.3609252969094,18.575966946249,17.7822900691857,16.9797978291131,16.1683923138617,15.3479745237522,14.6359988285993,13.9106620020249,13.1717133053676,12.4188972945352,11.6519537317016,11.0324215450344,10.3926599563477,9.73200842093561,9.04978482552049,8.34528478398067,7.94775589451949,7.52152820355489,7.06452985862642,6.57453943403735
"25",81.3650347099729,80.3650347099729,79.3650347099729,78.3650347099729,77.3650347099729,76.3650347099729,75.3650347099729,74.3650347099729,73.3650347099729,72.3650347099729,71.3650347099729,70.3650347099729,69.3650347099729,68.3650347099729,67.3650347099729,66.3992558412017,65.4329863611578,64.4662260206131,63.4989745702127,62.5312317604748,61.5312317604748,60.5312317604748,59.5312317604748,58.5312317604748,57.5312317604748,56.5613421675127,55.5909449586082,54.6200398680879,53.6486266301391,52.6767049788103,51.7038874886788,50.7305680001585,49.7567462542056,48.7824219916425,47.807594953158,46.8320859651237,45.8560772405449,44.8795685234152,43.9025595575971,42.9250500868215,41.9680181049265,41.0100281330595,40.0510792122718,39.0911703826545,38.1303006833378,37.1877316383993,36.2437429183077,35.2983323847819,34.3514978963201,33.4032373081953,32.4701776635224,31.535248159842,30.5984450499419,29.6597645791001,28.7192029850703,27.834709379821,26.9466584102682,26.0550357689703,25.1598270909418,24.2610179534228,23.3829326165053,22.5004347904576,21.6135023019674,20.7221128662989,19.8262440867326,19.03689239884,18.2391540694844,17.43293999294,16.6181601167575,15.7947234317057,15.1081775994941,14.4080069226682,13.6939410093878,12.9657041017523,12.2230149693074,11.5928748617324,10.9436671547979,10.2748148762703,9.58572359513933,8.87578089332778,8.4310717341069,7.95854046820113,7.45644647569218,6.92294023916759
"26",81.2300914832371,80.2300914832371,79.2300914832371,78.2300914832371,77.2300914832371,76.2300914832371,75.2300914832371,74.2300914832371,73.2300914832371,72.2300914832371,71.2300914832371,70.2300914832371,69.2300914832371,68.2300914832371,67.2300914832371,66.2300914832371,65.2300914832371,64.2300914832371,63.2300914832371,62.2300914832371,61.261808296401,60.2930316046353,59.323761156415,58.3539967000875,57.3837379838715,56.4126967623986,55.4411655037016,54.4691439604825,53.4966318853185,52.5236290306622,51.5500074227699,50.5758968430946,49.601297046065,48.6262077859868,47.650628817042,46.6744689380739,45.6978206758412,44.7206837860005,43.7430580240863,42.7649431455104,41.8077508964068,40.8496004969037,39.8904909878916,38.9304214093009,37.969390800101,37.0262556827629,36.0817080785069,35.1357458719212,34.1883669444256,33.2395691742673,32.3391660992699,31.4360651139277,30.5302581343942,29.621737052601,28.7104937361852,27.838676903471,26.9629676875766,26.0833487102569,25.1998025156781,24.3123115700718,23.4694921076066,22.6212237672848,21.7674713217877,20.9081993160498,20.0433720657865,19.2628040903101,18.4736905661818,17.6759379379342,16.8694516258677,16.0541360148377,15.3271667902391,14.5878340867898,13.8359276402805,13.0712336105633,12.2935345207366,11.7421587724313,11.1706618350514,10.5783094321058,9.96434049137258,9.3279661670505,8.89937942097627,8.44453827573528,7.96183443736623,7.44956109091521
"27",81.8667415095483,80.8667415095483,79.8667415095483,78.8667415095483,77.8667415095483,76.8667415095483,75.8667415095483,74.8667415095483,73.8667415095483,72.8667415095483,71.8667415095483,70.8667415095483,69.8667415095483,68.8667415095483,67.8667415095483,66.8667415095483,65.8667415095483,64.8667415095483,63.8667415095483,62.8667415095483,61.8667415095483,60.8667415095483,59.8667415095483,58.8667415095483,57.8667415095483,56.8961941227146,55.9251527533963,54.9536171501696,53.9815870614829,53.0090622356563,52.0357466818051,51.0619411667022,50.0876454437041,49.112859266043,48.1375823868269,47.1617006306765,46.185329931106,45.2084700431416,44.2311207216863,43.2532817215208,42.2965782998206,41.3389172170376,40.3802975145522,39.420718232785,38.4601784111962,37.5177524838246,36.5739157647971,35.6286661421883,34.6820015009116,33.733919722714,32.8181954222601,31.9001834153479,30.9798779867192,30.0572734068376,29.1323639318531,28.248500935191,27.3611143933736,26.4701902596873,25.5757144314207,24.6776727496416,23.824753362132,22.9667505169076,22.1036339162139,21.2353730817195,20.3619373534402,19.5647119873126,18.7595474413849,17.9463646532254,17.1250837730583,16.2956241559227,15.5793579413888,14.8506203466545,14.1091942243507,13.354858646213,12.5873888372507,11.945316760061,11.2849870817235,10.6058806393411,9.9074635073923,9.18918657794887,8.72749601422367,8.2387592712764,7.72139196365934,7.17371689143788
"28",70.4205156992365,69.4205156992365,68.4205156992365,67.4205156992365,66.4205156992365,65.4205156992365,64.4205156992365,63.4205156992365,62.4205156992365,61.4205156992365,60.4205156992365,59.4205156992365,58.4205156992365,57.4205156992365,56.4205156992365,55.4491480382118,54.477287426568,53.5049336141421,52.5320863506441,51.5587453856569,50.6103557413983,49.6610167581564,48.7107274856421,47.7594869726147,46.8072942668816,45.8773280080896,44.9459703205189,44.0132191222937,43.0790723284237,42.1435278507987,41.2275953110986,40.3098356789279,39.390245309622,38.4688205512461,37.5455577445804,36.6762861124151,35.8039877983066,34.9286522637725,34.0502689336373,33.1688271959039,32.3331030682915,31.493239834122,30.6492169935647,29.8010139452591,28.9486099858118,28.1201839102683,27.2868478817781,26.4485727998112,25.6053293913629,24.7570882099325,23.96398992491,23.1642635019609,22.357853547935,21.5447042067466,20.7247591555054,19.9982023715548,19.2620593713226,18.5162036739274,17.7605071296942,16.9948398981365,16.3450968011257,15.6819627568473,15.0051617831945,14.3144122101791,13.6094265627061,13.0310892797382,12.4348332939526,11.8201034277389,11.1863273023435,10.5329148049237,10.0435016240447,9.53036396386544,8.99235177175131,8.42825924585421,7.83682213264943,7.3757135560126,6.88289729825415,6.35619301163596,5.7932704189362,5.19163900369477,5.0411986558977,4.86614025406011,4.6624353005508,4.42539607450592
"29",71.1724578707314,70.2437015723037,69.3140155878916,68.3833989868785,67.4518508377162,66.4518508377162,65.4518508377162,64.4518508377162,63.4518508377162,62.4518508377162,61.4518508377162,60.4518508377162,59.4518508377162,58.4518508377162,57.4518508377162,56.4810030280206,55.5096625911999,54.5378292772857,53.5655028361823,52.5926830176675,51.6453283460135,50.6970253713849,49.7477731445295,48.7975707152447,47.8464171323771,46.9184273188538,45.9890408548909,45.0582556384907,44.126069564492,43.1924805245651,42.257459224815,41.3210312804818,40.3831945754114,39.4439469902665,38.5032864025213,37.6188598341858,36.7317785258759,35.8420345089885,34.9496197910014,34.0545263554019,33.1894883145025,32.3210220295136,31.4491139139144,30.5737503273387,29.6949175753622,28.8423361619223,27.9855221606471,27.1244545591155,26.2591122405913,25.3894739835059,24.5765583112798,23.7576526062481,22.9327127303851,22.1016942204302,21.264552285492,20.5048910254873,19.7366438320662,18.9597136642757,18.1740023843751,17.3794107454395,16.6940030719542,15.9961885339457,15.2857425493247,14.5624364707431,13.8260375120071,13.2420453013545,12.6404815118357,12.0208174371113,11.3825084627445,10.7249935875463,10.2057882045413,9.6633071756139,9.09650706841376,8.50429767418425,7.88553991080607,7.45046355191589,6.98421812615075,6.48457066748067,5.94912823918062,5.37532647345772,5.16420174570376,4.92209265301734,4.64445197404507,4.32606514369161
"30",73.9828223314815,72.9828223314815,71.9828223314815,70.9828223314815,69.9828223314815,68.9828223314815,67.9828223314815,66.9828223314815,65.9828223314815,64.9828223314815,63.9828223314815,62.9828223314815,61.9828223314815,60.9828223314815,59.9828223314815,59.0136999327928,58.044078655027,57.0739582413741,56.1033384348918,55.1322189785057,54.1604692439767,53.1882215757806,52.2154757187716,51.2422314176729,50.2684884170773,49.3202982143188,48.3711307483942,47.4209850120758,46.469859997098,45.5177546941559,44.6096995259922,43.6998101069895,42.7880827320027,41.8745136884026,40.9590992560602,40.0615562097569,39.1617680084574,38.2597290360289,37.35543366229,36.448876242976,35.5928205336269,34.7333840799439,33.8705535306552,33.0043154817625,32.1346564763318,31.3086062668225,30.4780845216992,29.6430670358584,28.8035294731709,27.959447365772,27.1783690076439,26.3911748291865,25.5978169437086,24.7982470895673,23.9924166272327,23.2345033548643,22.468942635105,21.6956573041767,20.9145694197083,20.1256002528797,19.4679103792408,18.7990340614253,18.1187810326547,17.4269577899622,16.7233675391481,16.1083267954272,15.4791282795513,14.835446090327,14.176946824562,13.5032894043754,12.9268268212889,12.3322832013471,11.7190914237979,11.0866665798632,10.4344054148092,9.90506821830033,9.35185430634896,8.77368667634866,8.16943974553478,7.53793715968816,7.21047083830879,6.85378801842644,6.46528200821039,6.04211354715644
"31",81.4231780431232,80.4231780431232,79.4231780431232,78.4231780431232,77.4231780431232,76.4231780431232,75.4231780431232,74.4231780431232,73.4231780431232,72.4231780431232,71.4231780431232,70.4231780431232,69.4231780431232,68.4231780431232,67.4231780431232,66.4231780431232,65.4231780431232,64.4231780431232,63.4231780431232,62.4231780431232,61.4231780431232,60.4231780431232,59.4231780431232,58.4231780431232,57.4231780431232,56.4231780431232,55.4231780431232,54.4231780431232,53.4231780431232,52.4231780431232,51.4494915831846,50.4753163864196,49.5006522075091,48.5254988010113,47.5498559213609,46.5737522640008,45.5971580624111,44.6200730700669,43.6424970403196,42.6644297263969,41.7071368632601,40.7488857490091,39.7896754244336,38.8295049293629,37.8683733026656,36.9258463076126,35.981888834989,35.0364987137522,34.0896737695648,33.1414118247895,32.2426907202341,31.3412231581271,30.4370007453983,29.530015063329,28.6202576674731,27.7510203775445,26.8778116410606,26.0006133129327,25.1194071651691,24.2341748864968,23.4052038102227,22.5703823993844,21.7296693661547,20.8830231313239,20.0304018222437,19.2634780317554,18.4876302220858,17.7027545522543,16.9087459729742,16.1054982125923,15.4228925266496,14.726834592251,14.0170593032126,13.2932963288493,12.5552700110144,11.9724211858618,11.3702071003877,10.747984340226,10.105088113449,9.44083154029403,8.95046196764059,8.43362150057466,7.88888120000608,7.314734990542
"32",74.0161651732274,73.0161651732274,72.0161651732274,71.0161651732274,70.0161651732274,69.0161651732274,68.0161651732274,67.0161651732274,66.0161651732274,65.0161651732274,64.0161651732274,63.0161651732274,62.0161651732274,61.0161651732274,60.0161651732274,59.0468777891552,58.0770943828685,57.1068147005335,56.1360384881862,55.164765491733,54.1931868969979,53.2211077358462,52.2485277503813,51.2754466825738,50.3018642742615,49.3536471471316,48.4044538850681,47.4542834831962,46.5031349356067,45.551007235355,44.6433252955328,43.7338037600348,42.822438900559,41.9092269812474,40.9941642586708,40.0969875286483,39.1975604625891,38.2958774161065,37.3919327306566,36.4857207335022,35.6130989923951,34.7374307707521,33.8587054327578,32.9769123054655,32.092040678667,31.2508747829937,30.4055456795965,29.5560327633859,28.7023153272911,27.844372561755,27.0622817652472,26.2740703502142,25.4796904168835,24.6790936906207,23.8722315189954,23.1376479452339,22.3948971187895,21.6438882344512,20.8845294774168,20.1167280120681,19.4488804273212,18.7700058411573,18.07992218395,17.3784443798749,16.6653842972737,16.0411705872612,15.402881537007,14.7501997628973,14.0828007246634,13.4003525640063,12.8463905426771,12.2739895960231,11.6825359744476,11.0713954993669,10.4399128832205,9.92609157772944,9.38834201016297,8.82554985980327,8.23654891287577,7.62011864592952,7.28220948571307,6.91494034174127,6.51576020697555,6.08189642449614
"34",70.9615201370234,70.0325526897131,69.1026553450582,68.1718271722304,67.2400672394699,66.2400672394699,65.2400672394699,64.2400672394699,63.2400672394698,62.2400672394698,61.2400672394698,60.2400672394698,59.2400672394698,58.2400672394698,57.2400672394698,56.2695296540707,55.2984925168348,54.3269555706344,53.3549185582097,52.3823812221681,51.4091776841116,50.4354762990507,49.4612768123094,48.4865789690814,47.5113825144301,46.5356489383932,45.5594170067333,44.5826864649155,43.6054570582747,42.627728532016,41.6922469044806,40.755349396856,39.8170338661642,38.8772981661839,37.9361401474455,37.0127891117992,36.0875724698909,35.1604864523126,34.2315272820404,33.3006911744189,32.4343598849593,31.5645511485676,30.6912510067992,29.8144454451808,28.9341203929848,28.1060308075485,27.2730211753994,26.4350622643625,25.5921246685815,24.7441788074869,23.9606819014474,23.1703296656924,22.3730621184335,21.5688187530625,20.7575385335589,20.0171549495197,19.2675113208846,18.5084918314362,17.7399792164337,16.9618547444952,16.3031226302763,15.6311370057955,14.9456312140455,14.2463332329528,13.5329655674338,12.9751165871466,12.399041483823,11.8041447709197,11.1898115060705,10.5554066554226,10.0812335493555,9.58343909172059,9.06084656405195,8.51222062861541,7.9362644082378,7.59899792642498,7.23356733734951,6.83762074130988,6.40860983854992,5.94377352848225,5.73277626339721,5.49377028996992,5.22303760862021,4.91636667609182
"35",75.0373218035712,74.0373218035712,73.0373218035712,72.0373218035712,71.0373218035712,70.0373218035712,69.0373218035712,68.0373218035712,67.0373218035712,66.0373218035712,65.0373218035712,64.0373218035712,63.0373218035712,62.0373218035712,61.0373218035712,60.0373218035712,59.0373218035712,58.0373218035712,57.0373218035712,56.0373218035712,55.0663406643805,54.0948567037554,53.1228696613106,52.1503792765255,51.1773852887451,50.2039344439051,49.2299786045763,48.2555175087842,47.280550894418,46.3050784992315,45.3289906377494,44.3523987203644,43.37530248678,42.3977016765651,41.4195960291543,40.4610570862405,39.5015586448854,38.54109974463,37.5796794240541,36.6172967207748,35.6727478452839,34.7267685993945,33.7793568170362,32.8305103288582,31.8802269622248,30.9768725727119,30.0707796444627,29.1619398755366,28.2503449388255,27.3359864819777,26.4739365335857,25.607536281796,24.7367637729625,23.8615969426505,22.9820136150781,22.1685792367579,21.3485414818567,20.5218467448431,19.6884409850213,18.8482697229986,18.1063438493343,17.3542593842201,16.5918772342725,15.8190564016142,15.0356539577984,14.33903228539,13.6283546950593,12.9033375768693,12.1636915984109,11.4091215893394,10.8166346623243,10.202985179854,9.5674172539365,8.90914799763586,8.22736656071849,7.82609343261385,7.39561861488074,6.93381702458328,6.438408930971,5.90694870135492,5.66792470609774,5.39810790491915,5.0935313450641,4.74971702213119
"36",80.8962054560132,79.8962054560132,78.8962054560132,77.8962054560132,76.8962054560132,75.8962054560132,74.8962054560132,73.8962054560132,72.8962054560132,71.8962054560132,70.8962054560132,69.8962054560132,68.8962054560132,67.8962054560132,66.8962054560132,65.8962054560132,64.8962054560132,63.8962054560132,62.8962054560132,61.8962054560132,60.8962054560132,59.8962054560132,58.8962054560132,57.8962054560132,56.8962054560132,55.8962054560132,54.8962054560132,53.8962054560132,52.8962054560132,51.8962054560132,50.9233518703086,49.9499893940934,48.9761177611719,48.0017367052091,47.0268459597306,46.0510885513721,45.0748281348296,44.0980644507994,43.1207972398446,42.1430262423943,41.1852114538482,40.2264378917399,39.2667045963362,38.3060106069432,37.3443549619051,36.4008006121651,35.4558200886733,34.5094112357811,33.5615718945817,32.6122999029051,31.6941481117706,30.7736920035596,29.8509257950484,28.9258436884989,27.9984398716223,27.1107652976169,26.219529510018,25.3247182217854,24.4263170885615,23.5243117084415,22.6900433023279,21.8498973753589,21.003832519696,20.1518070357777,19.2937789302638,18.5074901537551,17.7124918995927,16.908687695586,16.0959800009511,15.2742701944755,14.5427589461292,13.7983893065545,13.0409352529454,12.270166789502,11.485849877594,10.8850090081823,10.2632875664479,9.61995990551369,8.95427516064072,8.2654563728505,7.88486195168127,7.47574614014836,7.03597157190315,6.56324070835962
"38",80.7127711255127,79.7127711255127,78.7127711255127,77.7127711255127,76.7127711255127,75.7127711255127,74.7127711255127,73.7127711255127,72.7127711255127,71.7127711255127,70.7127711255127,69.7127711255127,68.7127711255127,67.7127711255127,66.7127711255127,65.7127711255127,64.7127711255127,63.7127711255127,62.7127711255127,61.7127711255127,60.7127711255127,59.7127711255127,58.7127711255127,57.7127711255127,56.7127711255127,55.7127711255127,54.7127711255127,53.7127711255127,52.7127711255127,51.7127711255127,50.7388062152945,49.7643509568832,48.7894051034102,47.8139684078826,46.8380406231832,45.8849255487319,44.9308564051371,43.9758322373744,43.0198520894639,42.0629150044684,41.1050200244929,40.1461661906835,39.1863525432268,38.2255781213481,37.2638419633114,36.3198722350901,35.374483144891,34.4276725585481,33.4794383386858,32.5297783447152,31.6276613287014,30.7228298181558,29.8152756450911,28.9049906169419,27.9919665164914,27.1185042863734,26.2410935675841,25.3597165109686,24.4743551866846,23.584991583838,22.7630975108348,21.934996770119,21.1006424910228,20.2599874489268,19.4129840625871,18.6484382437929,17.8746194812215,17.0914153061574,16.298711885786,15.4963940066493,14.7947623197118,14.0796213826395,13.3507110876828,12.6077663189649,11.8505168560551,11.2540468846926,10.6372661076877,9.99948290795049,9.33998211766587,8.65802421635203,8.2347331157039,7.78324669720263,7.30168687754427,6.78805047475014
"39",81.3103941332088,80.3103941332088,79.3103941332088,78.3103941332088,77.3103941332088,76.3103941332088,75.3103941332088,74.3103941332088,73.3103941332088,72.3103941332088,71.3103941332088,70.3103941332088,69.3103941332088,68.3103941332088,67.3103941332088,66.3103941332088,65.3103941332088,64.3103941332088,63.3103941332088,62.3103941332088,61.3426056073841,60.3743167814805,59.4055273968668,58.4362371947783,57.4664459163165,56.4956887726425,55.524437641369,54.552692271121,53.5804524103962,52.6077178075639,51.6348456717416,50.6614718615592,49.6875961183219,48.7132181832011,47.738337797235,46.7630265888394,45.7872109796564,44.8108907088255,43.8340655153513,42.8567351381035,41.8996347728764,40.9415763492256,39.9825589081338,39.0225814896234,38.0616431327562,37.1193360874001,36.1756007149107,35.2304348502627,34.2838363251495,33.3358029679775,32.4198431953055,31.5015742696908,30.5809903697126,29.6580856592742,28.7328542875659,27.8488257386421,26.9612290766242,26.0700498999062,25.175273748754,24.2768861050714,23.4358630480952,22.5893325601399,21.7372585758495,20.8796047936943,20.0163346744244,19.228738812897,18.4327853462858,17.6283855875293,16.8154499084594,15.9938877298153,15.2772808513311,14.5479765309475,13.8057497847361,13.0503716423141,12.2816090762097,11.6682640425615,11.0356094134137,10.38303727567,9.70992057764965,9.01561252655745,8.5578632503717,8.07258230336424,7.55811377270754,7.0127021494649
"40",76.6904155002858,75.6904155002858,74.6904155002858,73.6904155002858,72.6904155002858,71.6904155002858,70.6904155002858,69.6904155002858,68.6904155002858,67.6904155002858,66.6904155002858,65.6904155002858,64.6904155002858,63.6904155002858,62.6904155002858,61.7225667969214,60.7542217243671,59.7853800280557,58.8160414532898,57.8462057452411,56.8757138933055,55.9047269800796,54.9332447530256,53.9612669594772,52.988793346639,52.0157782000872,51.0422675398717,50.068261113649,49.0937586689476,48.1187599531671,47.1431758282839,46.1670966835752,45.1905222678636,44.2134523298442,43.2358866180849,42.3011096740858,41.3649225818573,40.4273232141345,39.4883094404436,38.5478791270969,37.6255119008296,36.7012870904929,35.7752009550404,34.8472497458916,33.9174297069164,33.0367122503152,32.1528974417286,31.2659743882316,30.3759321585902,29.482759783127,28.6452261200818,27.8030771826419,26.9562875380889,26.1048316135563,25.2486836952567,24.4746775548822,23.6937435034471,22.9058195311699,22.110843073237,21.3087510048347,20.6145620972078,19.9104105846349,19.1961534894678,18.4716457821247,17.7367403516412,17.074508748555,16.3996659834106,15.7119718964093,15.0111817542857,14.2970461632135,13.7117902842752,13.109556672151,12.489852818462,11.8521719276156,11.1959925023466,10.6644984648493,10.1107636009537,9.5338572240969,8.93280970233435,8.30661082863635,7.92606277361248,7.51713596849372,7.0777141143099,6.60552309254922
"41",80.5190102561938,79.5190102561938,78.5190102561938,77.5190102561938,76.5190102561938,75.5190102561938,74.5190102561938,73.5190102561938,72.5190102561938,71.5190102561938,70.5190102561938,69.5190102561938,68.5190102561938,67.5190102561938,66.5190102561938,65.5190102561938,64.5190102561938,63.5190102561938,62.5190102561938,61.5190102561938,60.5502095090114,59.5809174363133,58.6111337889247,57.6408583175442,56.6700907727444,55.6982900105947,54.7260056769444,53.7532375311666,52.7799853325147,51.8062488401222,50.8316223289356,49.8565184684826,48.8809370249687,47.9048777644849,46.9283404530077,45.9753157687764,45.0213371058823,44.0664035093917,43.1105140234151,42.1536676911062,41.2162454405441,40.2774315726465,39.3372240215367,38.3956207182711,37.4526195908348,36.5262241960027,35.5980081817316,34.6679679700082,33.7360999757873,32.8024006069781,31.9309763802751,31.056136426621,30.1778673573694,29.2961557313948,28.4109880548862,27.5643053634093,26.7130536259287,25.8572081860041,24.9967442541387,24.1316369070615,23.3086366470042,22.4795998784181,21.6444823249682,20.8032393855634,19.9558261319739,19.1720170299933,18.379716553488,17.578832711384,16.7692725160241,15.9509419723721,15.2163031836529,14.4694428823005,13.7101577502034,12.9382410868331,12.1534827529738,11.5331040672452,10.8933474816333,10.2336077158268,9.55326058322155,8.85166240037089,8.42546116961585,7.97163193740793,7.48838375053253,6.97380955930598
"42",74.5208175345449,73.5208175345449,72.5208175345449,71.5208175345449,70.5208175345449,69.5208175345449,68.5208175345449,67.5208175345449,66.5208175345449,65.5208175345449,64.5208175345449,63.5208175345449,62.5208175345449,61.5208175345449,60.5208175345449,59.5519214644112,58.5825274420581,57.6126352115691,56.6422445168963,55.6713551018602,54.7000010272647,53.7281471384234,52.7557931781549,51.7829388891453,50.8095840139483,49.8357792137297,48.8614723623373,47.8866632009355,46.9113514705554,45.9355369120942,44.9815184305248,44.0265449755003,43.0706155910913,42.1137293204117,41.1558852056174,40.2181043159621,39.2789056972904,38.3382872062919,37.3962466964158,36.4527820178664,35.5267890948204,34.5989162047123,33.6691595308,32.7375152485928,31.803979525835,30.9332014592517,30.0588853566421,29.1810168427029,28.2995814837226,27.4145647873447,26.6088015841194,25.7973294132425,24.9801078257192,24.1570960859667,23.3282531697838,22.5957049442349,21.8547582620434,21.1053168372973,20.3472832801941,19.5805590843849,18.8883827482382,18.1853247894113,17.4712141391952,16.74587703953,16.0091370007258,15.3857214817055,14.7476412990213,14.0945514943688,13.4260989949561,12.7419224226254,12.1934758867134,11.6255932778963,11.0375858126641,10.4287402981149,9.79831826692488,9.35915965983347,8.89486425699821,8.40399326503087,7.88502553611605,7.33635285416438,7.03758431639602,6.71025855097342,6.35164596910728,5.95875607940773
"43",71.1380266330231,70.1380266330231,69.1380266330231,68.1380266330231,67.1380266330231,66.1380266330231,65.1380266330231,64.1380266330231,63.1380266330231,62.1380266330231,61.1380266330231,60.1380266330231,59.1380266330231,58.1380266330231,57.1380266330231,56.1672954911106,55.1960670938025,54.2243411863807,53.2521175139963,52.2793958216702,51.3584242547246,50.4360604961004,49.5123024412835,48.5871479825785,47.6605950091038,46.7567036859956,45.850989645418,44.9434492118199,44.034078702238,43.1228744262824,42.2962223295275,41.4662472073576,40.632935701677,39.7962744006921,38.9562498386959,38.1113146490292,37.2630162065989,36.4113411240242,35.556275960636,34.6978072222647,33.8697053295167,33.0375008965976,32.2011735989123,31.3607030111742,30.5160686069071,29.6963873499232,28.8718626153656,28.0424657832376,27.2081680644273,26.3689404997087,25.5861277989447,24.7968674755964,24.0011064239378,23.1987911008382,22.3898675221599,21.6898756194276,20.9805043294062,20.261627975062,19.5331191953797,18.7948489227981,18.1571087318578,17.5070764687253,16.8445152108405,16.1691834690982,15.480835099831,14.8898973910549,14.2833448700569,13.6607649343628,13.0217340789784,12.3658176083039,11.8188675326303,11.2518786937917,10.6641169260077,10.0548211656604,9.42320246583085,9.01045596945856,8.57198713219594,8.1061929390527,7.61137047522496,7.08571070034399,6.80023708778774,6.48597618236608,6.14002505997652,5.75918806428971
"45",75.3104951492471,74.3104951492471,73.3104951492471,72.3104951492471,71.3104951492471,70.3104951492471,69.3104951492471,68.3104951492471,67.3104951492471,66.3104951492471,65.3104951492471,64.3104951492471,63.3104951492471,62.3104951492471,61.3104951492471,60.3104951492471,59.3104951492471,58.3104951492471,57.3104951492471,56.3104951492471,55.3104951492471,54.3104951492471,53.3104951492471,52.3104951492471,51.3104951492471,50.3366684492769,49.3623450037905,48.3875245593999,47.4122068625878,46.4363916597073,45.4599763660506,44.4830651581519,43.5056577841399,42.5277539920156,41.5493535296518,40.5909444741259,39.6315760501761,38.6712472974735,37.7099572547283,36.7477049596879,35.8030737985377,34.8570193340658,33.9095394217395,32.9606319137951,32.0102946592325,31.1068231836985,30.2006272481319,29.2916986367975,28.380029109185,27.4656103999346,26.6170148050006,25.7637413198133,24.9057641574638,24.0430573888928,23.1755949421067,22.3838221915374,21.5849355497201,20.7788711000213,19.9655643515317,19.1449502339065,18.4126609109035,17.67013172475,16.9172194877822,16.1537790100921,15.3796630715295,14.6649807444793,13.9370399021089,13.1955945774736,12.4403942405431,11.6711837135492,11.13620806926,10.5799169602834,10.0014610974233,9.39995735257144,8.77448741043643,8.37721442601067,7.95265242183129,7.49892689188277,7.01403456873441,6.49583457880903,6.24533198015472,5.96592608286435,5.65428198871119,5.30668001480006
"46",76.5842163356213,75.5842163356213,74.5842163356213,73.5842163356213,72.5842163356213,71.5842163356213,70.5842163356213,69.5842163356213,68.5842163356213,67.5842163356213,66.5842163356213,65.5842163356213,64.5842163356213,63.5842163356213,62.5842163356213,61.5842163356213,60.5842163356213,59.5842163356213,58.5842163356213,57.5842163356213,56.6136832262367,55.6426534774117,54.671126835007,53.6991030447531,52.7265818522503,51.7534839560862,50.7798895668873,49.8057984313332,48.8312102959746,47.8561249072327,46.8806615456442,45.904698047619,44.9282341567287,43.9512696164135,42.9738041699821,42.0389836585837,41.1027452805559,40.1650868853836,39.2260063192897,38.2855014252306,37.3434634340581,36.3999992524917,35.4551067213625,34.5087836782329,33.5610279573915,32.6794350047158,31.7947316938414,30.9069070510777,30.015950064018,29.1218496814024,28.2677965845926,27.4094633199361,26.5468284369673,25.679870377719,24.8085674761848,24.0190688670513,23.2228713400755,22.4199180547515,21.6101516882803,20.7935144314772,20.0807126496118,19.3580657113487,18.6254376362415,17.8826905656938,17.1296847370179,16.4557462291083,15.7689793826251,15.0691400116839,14.3559792823514,13.6292436241701,13.0268426619806,12.4068681608958,11.7688074569449,11.1121329304701,10.4363015698318,9.94167690228888,9.4231001570747,8.87941146072883,8.30939477320426,7.71177516801424,7.38613073444365,7.03201034927039,6.64692393517059,6.22816367020677
"47",79.6395810895249,78.6395810895249,77.6395810895249,76.6395810895249,75.6395810895249,74.6395810895249,73.6395810895249,72.6395810895249,71.6395810895249,70.6395810895249,69.6395810895249,68.6395810895249,67.6395810895249,66.6395810895249,65.6395810895249,64.6395810895249,63.6395810895249,62.6395810895249,61.6395810895249,60.6395810895249,59.6707781621207,58.7014768174335,57.7316767990437,56.7613778504003,55.7905797148199,54.8195280498684,53.8479725305192,52.8759128953347,51.9033488827418,50.9302802310318,49.9569375811415,48.9830854752719,48.0087236467692,47.0338518288402,46.058469754552,45.1045743288809,44.1497240529338,43.1939179709047,42.2371551260308,41.2794345605914,40.3423512742349,39.4038397173264,38.4638977129443,37.5225230808491,36.5797136374784,35.654071224824,34.7265472081409,33.7971377625895,32.8658390555553,31.932647246633,31.0455592158961,30.15533449387,29.2619619893981,28.3654305721061,27.4657290722635,26.6318906907964,25.7930077705626,24.9490497932124,24.0999860557668,23.2457856695003,22.4570498414668,21.6611457626382,20.8580082859554,20.047571672285,19.2297695850379,18.4994604344885,17.7589089513775,17.0079714905427,16.2465023922486,15.4743539539322,14.7946512659812,14.1008796905929,13.3927480216308,12.6699590254019,11.9322093158947,11.3337901501876,10.7152310706171,10.0758542644498,9.4149591070326,8.73182139405256,8.3003213694717,7.84072780720869,7.35121163005719,6.82982467565096
"48",81.2873567301244,80.2873567301244,79.2873567301244,78.2873567301244,77.2873567301244,76.2873567301244,75.2873567301244,74.2873567301244,73.2873567301244,72.2873567301244,71.2873567301244,70.2873567301244,69.2873567301244,68.2873567301244,67.2873567301244,66.2873567301244,65.2873567301244,64.2873567301244,63.2873567301244,62.2873567301244,61.3195850000734,60.3513125326303,59.3825390687074,58.4132643490826,57.4434881143998,56.4730164742435,55.5020459710002,54.5305763482334,53.5586073493747,52.5861387177238,51.6131485626097,50.6396586500727,49.6656687234221,48.6911785258355,47.7161878003584,46.740599050615,45.7645111968523,44.7879239837324,43.8108371557866,42.8332504574157,41.8761265839997,40.9180446286283,39.9590036322606,38.9990026348955,38.0380406755711,37.0954293565048,36.1513959026684,35.2059381684613,34.259054005046,33.3107412603428,32.3945090093842,31.4759726754075,30.55512646425,29.6319645671785,28.7064811608522,27.8074347019517,26.9052265206816,25.9998454980522,25.091280475971,24.1795202571054,23.3376970065938,22.4903667458523,21.6374934493118,20.7790408557324,19.9149724666617,19.1256439179486,18.327965420915,17.521848645249,16.7072043262323,15.8839422548559,15.1821566580057,14.4671953287369,13.7388108981585,12.9967513531315,12.2407599490754,11.6283374334374,10.9965238686354,10.3447052785694,9.6722482468993,8.97849930151142,8.5141924655093,8.02218322739172,7.50081875109542,6.94834758574961
"49",71.6908029325378,70.7994593927583,69.9067649093442,69.0127174347701,68.117314918407,67.1524229737402,66.1870337182234,65.2211468955397,64.2547622492401,63.2878795227435,62.2878795227435,61.2878795227435,60.2878795227435,59.2878795227435,58.2878795227435,57.3177650011641,56.3471530805227,55.3760435057919,54.4044360218135,53.4323303732984,52.4594282334672,51.4860326926191,50.512143500529,49.5377604068447,48.5628831610874,47.6114946557432,46.6591538095527,45.7058596692219,44.7516112805024,43.7964076881906,42.8623336755937,41.9268536172766,40.9899653967426,40.0516668943092,39.1119559871029,38.1709269736959,37.228479125359,36.2846103028461,35.3393183636858,34.3926011621763,33.4787357690609,32.5625816442496,31.6441330557246,30.7233842571125,29.8003294876482,28.9195234960959,28.0351944966238,27.1473283980643,26.2559110528887,25.3609282569816,24.5003044501234,23.6349509082684,22.764841638186,21.8899505037944,21.0102512253754,20.2321719224523,19.44587415991,18.6512711303006,17.8482751092729,17.0367974458877,16.3032957282256,15.5583202022688,14.8016913888511,14.0332270013013,13.2527419015273,12.7723301249065,12.2730832797874,11.7542629167344,11.215101634595,10.6548019454163,10.1590875272605,9.63991123387982,9.09616262835971,8.52667871745181,7.93024146411349,7.66234890699372,7.36972492954494,7.05008636586636,6.70093927176539,6.31955946603665,6.14731599455346,5.95251151090149,5.7321909000584,5.48301197638949
"50",69.379373448495,68.518410269033,67.6557217124579,66.7913043211001,65.9251546303609,64.9251546303609,63.9251546303609,62.9251546303609,61.9251546303609,60.9251546303609,59.9251546303609,58.9251546303609,57.9251546303609,56.9251546303609,55.9251546303609,54.981135766127,54.0361719380651,53.0902622002653,52.1434056058712,51.1956012070783,50.2468480551334,49.2971452003337,48.3464916920258,47.3948865786044,46.4423289075119,45.5138118443488,44.5838656296307,43.6524880636411,42.7196769432781,41.7854300620485,40.8497158176604,39.912562002179,38.9739664008631,38.0339267955642,37.092440964721,36.2059944968628,35.3168342920583,34.4249520425656,33.5303394152102,32.6329880513065,31.7819811173621,30.9270887245647,30.0682931329995,29.2055765217562,28.3389209885594,27.5098181593746,26.6757154458301,25.8365826962453,24.9923895771108,24.1431055719917,23.3822550560921,22.6138679369246,21.8378695606803,21.0541845340675,20.2627367169863,19.5645514196663,18.8559666096413,18.1368273855335,17.4069765386997,16.6662545188642,16.0547683700096,15.429027618338,14.7886999689938,14.1334453808609,13.4629158859858,12.8955920102497,12.3100352718978,11.70565969651,11.0818604774055,10.4380133704045,10.1197249695067,9.78064900233062,9.41942782307266,9.03461511743864,8.62467011166249,8.28827622429591,7.92599925537157,7.53584768858644,7.11567677483267,6.66317674203923,6.44109506221303,6.19308559838828,5.91612131121801,5.60682175794796
"51",75.6507582906772,74.6507582906772,73.6507582906772,72.6507582906772,71.6507582906772,70.6507582906772,69.6507582906772,68.6507582906772,67.6507582906772,66.6507582906772,65.6507582906772,64.6507582906772,63.6507582906772,62.6507582906772,61.6507582906772,60.7124707614386,59.7732440054441,58.8330770825266,57.8919690515782,56.9499189705487,56.0360649934637,55.1208286634786,54.2042078895596,53.2862005775098,52.3668046299647,51.4458765960304,50.5235579943353,49.599846725173,48.6747406856663,47.7482377697627,46.8202723054454,45.890906882418,44.9601393886577,44.0279677089552,43.0943897249102,42.1811189981751,41.2660102756608,40.3490598583234,39.4302640396745,38.5096191057663,37.5870868098013,36.6626987058452,35.7364510606703,34.8083401335386,33.8783621761874,32.9806945557972,32.0803154565222,31.1772166881173,30.2713900355983,29.3628272591668,28.4808966805506,27.5954198142354,26.706382400418,25.8137701219558,24.9175686041365,24.0678295606117,23.2129663172316,22.3529479734224,21.4877434422695,20.6173214493947,19.824300564603,19.0233184729456,18.2142952511619,17.3971501736348,16.5718017043355,15.8367345826152,15.0899159656887,14.3311579827678,13.5602697595797,12.7770573703507,12.1542617095079,11.5130798726568,10.8529690630353,10.1733704594331,9.47370874311774,8.99735014490448,8.49466172266083,7.96418814497034,7.40439363971444,6.81365754786421,6.51840501117968,6.1926140338993,5.83312597642426,5.43645549602613
"52",72.0123746622439,71.0123746622439,70.0123746622439,69.0123746622439,68.0123746622439,67.0123746622439,66.0123746622439,65.0123746622439,64.0123746622439,63.0123746622439,62.0123746622439,61.0123746622439,60.0123746622439,59.0123746622439,58.0123746622439,57.0422420345557,56.0716099390807,55.1004781186704,54.1288463160441,53.1567142737883,52.1839379749323,51.2106634780291,50.2368905279316,49.2626188693616,48.2878482469104,47.3607670716883,46.4322859237562,45.5024026890342,44.5711152502502,43.6384214869346,42.7259543809927,41.8116569868828,40.8955256332893,39.9775566415323,39.0577463255531,38.1940279679782,37.3272958943691,36.4575395891633,35.584748500107,34.7089120381273,33.8627071628238,33.0127527552914,32.1590322013597,31.3015288132412,30.4402258292045,29.6187528249924,28.7924620146185,27.96132514243,27.1253137870587,26.2843993604502,25.498713586868,24.7066215935178,23.9080711462201,23.1030095848953,22.2913838200912,21.5549230308426,20.8097554561959,20.0557781604441,19.2928869909262,18.5209765636391,17.865198309564,17.1972320839324,16.5168513671094,15.8238254294777,15.1179192531932,14.4912357626338,13.8490771733321,13.1910613487158,12.5167967158682,11.8258820325104,11.3547022034132,10.8624525380819,10.3481908527226,9.81093283173341,9.24965014368785,8.82191306699553,8.367712495348,7.88541116930854,7.373270534488,6.82944447456767,6.5633987230072,6.26876127407453,5.94245940379708,5.58109016532362
"53",72.3921514554418,71.4646160715133,70.5361522237371,69.6067589827198,68.6764354181379,67.6764354181379,66.6764354181379,65.6764354181379,64.6764354181379,63.6764354181379,62.6764354181379,61.6764354181379,60.6764354181379,59.6764354181379,58.6764354181379,57.7351705887267,56.7929635522789,55.8498133656446,54.9057190847293,53.9606797644938,53.0146944589528,52.0677622211739,51.1198821032772,50.1710531564336,49.2212744308645,48.2705449758404,47.31886383968,46.3662300697498,45.4126427124622,44.4581008132755,43.524900805092,42.5902986283099,41.6542921761176,40.7168793385376,39.7780580024223,38.8376112460928,37.8957565111526,36.9524916896636,36.0078146705314,35.0617233395013,34.1492505186042,33.2344998241626,32.3174655697518,31.3981420547519,30.4765235643119,29.5980762829734,28.7161253981145,27.8306569359456,26.9416568669436,26.0491111056303,25.217135672816,24.3797937493202,23.5370507196711,22.6888717451166,21.8352217621841,21.041551580605,20.2403816893259,19.4316412205646,18.6152586368806,17.7911617248473,17.1474608434634,16.490868726519,15.8211272044837,15.1379729375309,14.4411373119935,13.8470753500943,13.2363144023664,12.6083850630145,11.9628047313221,11.2990772407444,10.9010789138335,10.4818756996931,10.0403378266333,9.57527533004439,9.08543484538865,8.78659556129331,8.46469360931884,8.11794914766394,7.7444449767483,7.34211593874273,7.16349574989813,6.96489289962381,6.74407188049812,6.49854709361639
